Filename,Time (s),Memory (B),Path
CoinAlloc.cpp,0.05,72105984,dependencies/osi_clp/CoinUtils/src/CoinAlloc.cpp
Failure.cpp,0.56,174063616,third_party/CppUnitLite/Failure.cpp
OsiAuxInfo.cpp,0.85,222314496,dependencies/osi_clp/Osi/src/Osi/OsiAuxInfo.cpp
CoinBuild.cpp,0.63,190513152,dependencies/osi_clp/CoinUtils/src/CoinBuild.cpp
SimpleString.cpp,0.55,172605440,third_party/CppUnitLite/SimpleString.cpp
file_system.cpp,1.23,188186624,third_party/stlplus3/filesystemSimplified/file_system.cpp
portability_fixes.cpp,0.03,70483968,third_party/stlplus3/filesystemSimplified/portability_fixes.cpp
wildcard.cpp,0.33,150978560,third_party/stlplus3/filesystemSimplified/wildcard.cpp
Test.cpp,0.74,197771264,third_party/CppUnitLite/Test.cpp
CbcOrClpParam.cpp,1.79,275234816,dependencies/osi_clp/Clp/src/CbcOrClpParam.cpp
CoinDenseFactorization.cpp,1.36,230572032,dependencies/osi_clp/CoinUtils/src/CoinDenseFactorization.cpp
OsiBranchingObject.cpp,1.62,250675200,dependencies/osi_clp/Osi/src/Osi/OsiBranchingObject.cpp
TestRegistry.cpp,0.62,185319424,third_party/CppUnitLite/TestRegistry.cpp
CoinDenseVector.cpp,1.03,202440704,dependencies/osi_clp/CoinUtils/src/CoinDenseVector.cpp
TestResult.cpp,0.54,171540480,third_party/CppUnitLite/TestResult.cpp
CoinError.cpp,0.53,160055296,dependencies/osi_clp/CoinUtils/src/CoinError.cpp
OsiChooseVariable.cpp,1.51,251199488,dependencies/osi_clp/Osi/src/Osi/OsiChooseVariable.cpp
arg_parser.cc,1.77,263438336,third_party/lemon/lemon/arg_parser.cc
main.cpp,1.19,225460224,third_party/vectorGraphics/main.cpp
Linker/,0.01,21774336,Linker/
base.cc,0.61,170688512,third_party/lemon/lemon/base.cc
OsiColCut.cpp,0.77,217284608,dependencies/osi_clp/Osi/src/Osi/OsiColCut.cpp
ClpCholeskyBase.cpp,3.68,288014336,dependencies/osi_clp/Clp/src/ClpCholeskyBase.cpp
color.cc,0.66,183599104,third_party/lemon/lemon/color.cc
OsiCut.cpp,0.68,195870720,dependencies/osi_clp/Osi/src/Osi/OsiCut.cpp
CoinFactorization1.cpp,2.23,260227072,dependencies/osi_clp/CoinUtils/src/CoinFactorization1.cpp
ClpCholeskyTaucs.cpp,0.01,34193408,dependencies/osi_clp/Clp/src/ClpCholeskyTaucs.cpp
OsiClpSolverInterface.cpp,6.35,374980608,dependencies/osi_clp/Clp/src/OsiClp/OsiClpSolverInterface.cpp
lp_base.cc,0.82,196673536,third_party/lemon/lemon/lp_base.cc
ClpCholeskyDense.cpp,1.86,254738432,dependencies/osi_clp/Clp/src/ClpCholeskyDense.cpp
OsiCuts.cpp,1.19,243712000,dependencies/osi_clp/Osi/src/Osi/OsiCuts.cpp
random.cc,0.71,198148096,third_party/lemon/lemon/random.cc
lp_skeleton.cc,1.26,249102336,third_party/lemon/lemon/lp_skeleton.cc
ClpConstraint.cpp,0.73,209354752,dependencies/osi_clp/Clp/src/ClpConstraint.cpp
CoinFactorization2.cpp,2.13,258523136,dependencies/osi_clp/CoinUtils/src/CoinFactorization2.cpp
OsiNames.cpp,1.38,244842496,dependencies/osi_clp/Osi/src/Osi/OsiNames.cpp
windows.cc,0.77,201932800,third_party/lemon/lemon/bits/windows.cc
ClpConstraintLinear.cpp,1.12,234192896,dependencies/osi_clp/Clp/src/ClpConstraintLinear.cpp
exif.cpp,1.10,185122816,third_party/easyexif/exif.cpp
CoinFactorization3.cpp,1.85,237780992,dependencies/osi_clp/CoinUtils/src/CoinFactorization3.cpp
OsiRowCut.cpp,0.91,217743360,dependencies/osi_clp/Osi/src/Osi/OsiRowCut.cpp
OsiPresolve.cpp,1.60,254590976,dependencies/osi_clp/Osi/src/Osi/OsiPresolve.cpp
ClpConstraintQuadratic.cpp,1.05,229539840,dependencies/osi_clp/Clp/src/ClpConstraintQuadratic.cpp
OsiRowCutDebugger.cpp,1.41,266387456,dependencies/osi_clp/Osi/src/Osi/OsiRowCutDebugger.cpp
ClpDualRowDantzig.cpp,0.88,220921856,dependencies/osi_clp/Clp/src/ClpDualRowDantzig.cpp
CoinFileIO.cpp,0.83,201375744,dependencies/osi_clp/CoinUtils/src/CoinFileIO.cpp
fast.c,0.04,75104256,third_party/fast/fast.c
ClpDualRowPivot.cpp,0.78,204275712,dependencies/osi_clp/Clp/src/ClpDualRowPivot.cpp
CoinFactorization4.cpp,2.12,257998848,dependencies/osi_clp/CoinUtils/src/CoinFactorization4.cpp
CoinFinite.cpp,0.05,70844416,dependencies/osi_clp/CoinUtils/src/CoinFinite.cpp
OsiSolverBranch.cpp,0.95,222216192,dependencies/osi_clp/Osi/src/Osi/OsiSolverBranch.cpp
ClpDualRowSteepest.cpp,1.39,247169024,dependencies/osi_clp/Clp/src/ClpDualRowSteepest.cpp
fast_10.c,1.76,159694848,third_party/fast/fast_10.c
OsiSolverInterface.cpp,2.64,283869184,dependencies/osi_clp/Osi/src/Osi/OsiSolverInterface.cpp
ClpDummyMatrix.cpp,0.90,222281728,dependencies/osi_clp/Clp/src/ClpDummyMatrix.cpp
fast_11.c,1.38,149078016,third_party/fast/fast_11.c
CoinIndexedVector.cpp,2.71,252084224,dependencies/osi_clp/CoinUtils/src/CoinIndexedVector.cpp
ClpDynamicExampleMatrix.cpp,1.31,248872960,dependencies/osi_clp/Clp/src/ClpDynamicExampleMatrix.cpp
fast_12.c,0.94,141475840,third_party/fast/fast_12.c
CoinLpIO.cpp,2.49,283426816,dependencies/osi_clp/CoinUtils/src/CoinLpIO.cpp
CoinMessage.cpp,0.55,187105280,dependencies/osi_clp/CoinUtils/src/CoinMessage.cpp
fast_9.c,2.23,183435264,third_party/fast/fast_9.c
ClpDynamicMatrix.cpp,2.40,276070400,dependencies/osi_clp/Clp/src/ClpDynamicMatrix.cpp
nonmax.c,0.10,92504064,third_party/fast/nonmax.c
exif_IO_test.cpp,3.21,510296064,openMVG/exif/exif_IO_test.cpp
Linker/,0.02,21741568,Linker/
numeric.cpp,4.11,588365824,openMVG/numeric/numeric.cpp
CoinMessageHandler.cpp,1.36,228868096,dependencies/osi_clp/CoinUtils/src/CoinMessageHandler.cpp
ClpEventHandler.cpp,0.77,206356480,dependencies/osi_clp/Clp/src/ClpEventHandler.cpp
CoinModelUseful2.cpp,0.88,224149504,dependencies/osi_clp/CoinUtils/src/CoinModelUseful2.cpp
ClpFactorization.cpp,1.51,258228224,dependencies/osi_clp/Clp/src/ClpFactorization.cpp
CoinModelUseful.cpp,1.32,213221376,dependencies/osi_clp/CoinUtils/src/CoinModelUseful.cpp
CoinModel.cpp,3.15,285982720,dependencies/osi_clp/CoinUtils/src/CoinModel.cpp
ClpGubDynamicMatrix.cpp,2.19,277069824,dependencies/osi_clp/Clp/src/ClpGubDynamicMatrix.cpp
ClpGubMatrix.cpp,2.28,280543232,dependencies/osi_clp/Clp/src/ClpGubMatrix.cpp
timer.cpp,0.56,178241536,openMVG/system/timer.cpp
ParseDatabase_test.cpp,3.75,525467648,openMVG/exif/sensor_width_database/ParseDatabase_test.cpp
Linker/,0.02,21741568,Linker/
ClpHelperFunctions.cpp,1.03,233652224,dependencies/osi_clp/Clp/src/ClpHelperFunctions.cpp
CoinOslFactorization.cpp,1.10,229933056,dependencies/osi_clp/CoinUtils/src/CoinOslFactorization.cpp
ClpInterior.cpp,1.21,247742464,dependencies/osi_clp/Clp/src/ClpInterior.cpp
CoinMpsIO.cpp,3.56,305528832,dependencies/osi_clp/CoinUtils/src/CoinMpsIO.cpp
feature.cpp,2.73,481984512,openMVG/features/feature.cpp
ClpLinearObjective.cpp,1.02,235290624,dependencies/osi_clp/Clp/src/ClpLinearObjective.cpp
ClpLsqr.cpp,1.07,252706816,dependencies/osi_clp/Clp/src/ClpLsqr.cpp
CoinOslFactorization2.cpp,2.41,259981312,dependencies/osi_clp/CoinUtils/src/CoinOslFactorization2.cpp
nullspace.cpp,15.55,1039777792,openMVG/numeric/nullspace.cpp
ClpMatrixBase.cpp,0.99,234029056,dependencies/osi_clp/Clp/src/ClpMatrixBase.cpp
ClpMessage.cpp,0.56,185303040,dependencies/osi_clp/Clp/src/ClpMessage.cpp
triplet_finder_test.cpp,5.15,700481536,openMVG/graph/triplet_finder_test.cpp
Linker/,0.02,21741568,Linker/
CoinOslFactorization3.cpp,3.92,280674304,dependencies/osi_clp/CoinUtils/src/CoinOslFactorization3.cpp
ClpModel.cpp,3.72,311017472,dependencies/osi_clp/Clp/src/ClpModel.cpp
AKAZE.cpp,12.36,1028784128,openMVG/features/akaze/AKAZE.cpp
ClpNetworkBasis.cpp,1.18,239550464,dependencies/osi_clp/Clp/src/ClpNetworkBasis.cpp
CoinPackedMatrix.cpp,3.31,279937024,dependencies/osi_clp/CoinUtils/src/CoinPackedMatrix.cpp
connectedComponent_test.cpp,7.33,769523712,openMVG/graph/connectedComponent_test.cpp
Linker/,0.02,21692416,Linker/
CoinPackedVector.cpp,1.20,231555072,dependencies/osi_clp/CoinUtils/src/CoinPackedVector.cpp
ClpNetworkMatrix.cpp,1.44,252477440,dependencies/osi_clp/Clp/src/ClpNetworkMatrix.cpp
liop_descriptor.cpp,6.42,670482432,openMVG/features/liop/liop_descriptor.cpp
ClpNode.cpp,1.25,246857728,dependencies/osi_clp/Clp/src/ClpNode.cpp
CoinPackedVectorBase.cpp,1.14,229441536,dependencies/osi_clp/CoinUtils/src/CoinPackedVectorBase.cpp
CoinParam.cpp,0.92,207601664,dependencies/osi_clp/CoinUtils/src/CoinParam.cpp
mser.cpp,2.44,405684224,openMVG/features/mser/mser.cpp
mser_region.cpp,0.36,150896640,openMVG/features/mser/mser_region.cpp
ClpNonLinearCost.cpp,1.40,252723200,dependencies/osi_clp/Clp/src/ClpNonLinearCost.cpp
CoinParamUtils.cpp,0.92,209108992,dependencies/osi_clp/CoinUtils/src/CoinParamUtils.cpp
ClpObjective.cpp,0.72,213712896,dependencies/osi_clp/Clp/src/ClpObjective.cpp
geodesy_test.cpp,2.85,494927872,openMVG/geodesy/geodesy_test.cpp
Linker/,0.02,21741568,Linker/
CoinPostsolveMatrix.cpp,0.76,222756864,dependencies/osi_clp/CoinUtils/src/CoinPostsolveMatrix.cpp
CoinPrePostsolveMatrix.cpp,0.85,226476032,dependencies/osi_clp/CoinUtils/src/CoinPrePostsolveMatrix.cpp
test_data_sets.cpp,5.69,679018496,openMVG/multiview/test_data_sets.cpp
svg_features.cpp,3.23,510279680,openMVG/features/svg_features.cpp
CoinPresolveDoubleton.cpp,1.21,241106944,dependencies/osi_clp/CoinUtils/src/CoinPresolveDoubleton.cpp
CoinPresolveDual.cpp,1.02,246546432,dependencies/osi_clp/CoinUtils/src/CoinPresolveDual.cpp
ClpPdcoBase.cpp,0.68,203636736,dependencies/osi_clp/Clp/src/ClpPdcoBase.cpp
ClpPackedMatrix.cpp,3.96,296583168,dependencies/osi_clp/Clp/src/ClpPackedMatrix.cpp
ClpPdco.cpp,2.41,307773440,dependencies/osi_clp/Clp/src/ClpPdco.cpp
tbmr.cpp,3.79,546390016,openMVG/features/tbmr/tbmr.cpp
CoinPresolveEmpty.cpp,1.07,234618880,dependencies/osi_clp/CoinUtils/src/CoinPresolveEmpty.cpp
CoinPresolveDupcol.cpp,2.13,270925824,dependencies/osi_clp/CoinUtils/src/CoinPresolveDupcol.cpp
ClpPlusMinusOneMatrix.cpp,2.18,269615104,dependencies/osi_clp/Clp/src/ClpPlusMinusOneMatrix.cpp
CoinPresolveFixed.cpp,1.01,234209280,dependencies/osi_clp/CoinUtils/src/CoinPresolveFixed.cpp
ClpPredictorCorrector.cpp,1.82,267321344,dependencies/osi_clp/Clp/src/ClpPredictorCorrector.cpp
CoinPresolveForcing.cpp,0.87,228524032,dependencies/osi_clp/CoinUtils/src/CoinPresolveForcing.cpp
algorithm.cpp,2.82,504922112,openMVG/matching/kvld/algorithm.cpp
CoinPresolveHelperFunctions.cpp,0.89,226689024,dependencies/osi_clp/CoinUtils/src/CoinPresolveHelperFunctions.cpp
ClpPrimalColumnDantzig.cpp,0.78,224444416,dependencies/osi_clp/Clp/src/ClpPrimalColumnDantzig.cpp
kvld.cpp,4.69,606126080,openMVG/matching/kvld/kvld.cpp
CoinPresolveImpliedFree.cpp,1.34,255770624,dependencies/osi_clp/CoinUtils/src/CoinPresolveImpliedFree.cpp
CoinPresolveIsolated.cpp,0.74,219348992,dependencies/osi_clp/CoinUtils/src/CoinPresolveIsolated.cpp
ClpPresolve.cpp,2.75,314392576,dependencies/osi_clp/Clp/src/ClpPresolve.cpp
ClpPrimalColumnPivot.cpp,0.69,204210176,dependencies/osi_clp/Clp/src/ClpPrimalColumnPivot.cpp
CoinPresolveMatrix.cpp,1.01,232636416,dependencies/osi_clp/CoinUtils/src/CoinPresolveMatrix.cpp
Pair_Builder_test.cpp,3.70,536412160,openMVG/matching_image_collection/Pair_Builder_test.cpp
poly_test.cpp,2.78,503119872,openMVG/numeric/poly_test.cpp
Linker/,0.02,21692416,Linker/
Linker/,0.01,21741568,Linker/
CoinPresolveMonitor.cpp,1.33,249872384,dependencies/osi_clp/CoinUtils/src/CoinPresolveMonitor.cpp
ClpQuadraticObjective.cpp,1.38,249167872,dependencies/osi_clp/Clp/src/ClpQuadraticObjective.cpp
CoinPresolvePsdebug.cpp,0.71,186417152,dependencies/osi_clp/CoinUtils/src/CoinPresolvePsdebug.cpp
ClpPrimalColumnSteepest.cpp,2.27,277610496,dependencies/osi_clp/Clp/src/ClpPrimalColumnSteepest.cpp
CoinPresolveSingleton.cpp,1.12,243974144,dependencies/osi_clp/CoinUtils/src/CoinPresolveSingleton.cpp
CoinPresolveSubst.cpp,1.27,246071296,dependencies/osi_clp/CoinUtils/src/CoinPresolveSubst.cpp
CoinPresolveTighten.cpp,0.83,225263616,dependencies/osi_clp/CoinUtils/src/CoinPresolveTighten.cpp
numeric_test.cpp,4.09,585367552,openMVG/numeric/numeric_test.cpp
Linker/,0.02,21692416,Linker/
CoinPresolveTripleton.cpp,1.20,240386048,dependencies/osi_clp/CoinUtils/src/CoinPresolveTripleton.cpp
CoinPresolveUseless.cpp,0.99,239009792,dependencies/osi_clp/CoinUtils/src/CoinPresolveUseless.cpp
ClpSimplex.cpp,6.18,362528768,dependencies/osi_clp/Clp/src/ClpSimplex.cpp
CoinPresolveZeros.cpp,0.84,225345536,dependencies/osi_clp/CoinUtils/src/CoinPresolveZeros.cpp
CoinRational.cpp,0.23,131088384,dependencies/osi_clp/CoinUtils/src/CoinRational.cpp
ClpSimplexDual.cpp,2.85,295403520,dependencies/osi_clp/Clp/src/ClpSimplexDual.cpp
CoinSearchTree.cpp,0.81,210714624,dependencies/osi_clp/CoinUtils/src/CoinSearchTree.cpp
CoinShallowPackedVector.cpp,0.74,203341824,dependencies/osi_clp/CoinUtils/src/CoinShallowPackedVector.cpp
l1_solver_test.cpp,14.16,1013301248,openMVG/numeric/l1_solver_test.cpp
Linker/,0.02,21741568,Linker/
extract_columns_test.cpp,3.47,531070976,openMVG/numeric/extract_columns_test.cpp
Linker/,0.01,21741568,Linker/
CoinSimpFactorization.cpp,1.91,241270784,dependencies/osi_clp/CoinUtils/src/CoinSimpFactorization.cpp
ClpSimplexNonlinear.cpp,3.39,309723136,dependencies/osi_clp/Clp/src/ClpSimplexNonlinear.cpp
CoinSnapshot.cpp,0.78,212959232,dependencies/osi_clp/CoinUtils/src/CoinSnapshot.cpp
CoinStructuredModel.cpp,2.44,291880960,dependencies/osi_clp/CoinUtils/src/CoinStructuredModel.cpp
rand_sampling_test.cpp,3.14,520388608,openMVG/robust_estimation/rand_sampling_test.cpp
Linker/,0.02,21741568,Linker/
rigid_transformation3D_srt_test.cpp,29.27,1690697728,openMVG/geometry/rigid_transformation3D_srt_test.cpp
Linker/,0.02,21692416,Linker/
CoinWarmStartDual.cpp,0.78,203931648,dependencies/osi_clp/CoinUtils/src/CoinWarmStartDual.cpp
CoinWarmStartBasis.cpp,1.19,219627520,dependencies/osi_clp/CoinUtils/src/CoinWarmStartBasis.cpp
ClpSimplexOther.cpp,5.72,349995008,dependencies/osi_clp/Clp/src/ClpSimplexOther.cpp
lm_test.cpp,17.49,1231175680,openMVG/numeric/lm_test.cpp
Linker/,0.02,21741568,Linker/
CoinWarmStartPrimalDual.cpp,0.80,202915840,dependencies/osi_clp/CoinUtils/src/CoinWarmStartPrimalDual.cpp
CoinWarmStartVector.cpp,0.01,34160640,dependencies/osi_clp/CoinUtils/src/CoinWarmStartVector.cpp
ClpSimplexPrimal.cpp,2.37,284803072,dependencies/osi_clp/Clp/src/ClpSimplexPrimal.cpp
ClpSolve.cpp,4.88,350896128,dependencies/osi_clp/Clp/src/ClpSolve.cpp
tracks_test.cpp,4.70,650690560,openMVG/tracks/tracks_test.cpp
Linker/,0.02,21741568,Linker/
Clp_C_Interface.cpp,1.28,243695616,dependencies/osi_clp/Clp/src/Clp_C_Interface.cpp
IdiSolve.cpp,1.85,271515648,dependencies/osi_clp/Clp/src/IdiSolve.cpp
split_test.cpp,3.00,497106944,openMVG/stl/split_test.cpp
Linker/,0.02,21741568,Linker/
MyEventHandler.cpp,0.67,207192064,dependencies/osi_clp/Clp/src/MyEventHandler.cpp
Idiot.cpp,2.56,290504704,dependencies/osi_clp/Clp/src/Idiot.cpp
MyMessageHandler.cpp,1.38,257179648,dependencies/osi_clp/Clp/src/MyMessageHandler.cpp
robust_estimator_ACRansac_test.cpp,19.20,1215905792,openMVG/robust_estimation/robust_estimator_ACRansac_test.cpp
Linker/,0.02,21741568,Linker/
dynamic_bitset_test.cpp,3.08,500121600,openMVG/stl/dynamic_bitset_test.cpp
Linker/,0.02,21741568,Linker/
exifParsing.cpp,1.35,235159552,openMVG_Samples/exif_Parsing/exifParsing.cpp
Linker/,0.01,21741568,Linker/
robust_estimator_Ransac_test.cpp,17.23,1168097280,openMVG/robust_estimation/robust_estimator_Ransac_test.cpp
Linker/,0.02,21889024,Linker/
robust_estimator_lineKernel_test.cpp,16.94,1149124608,openMVG/robust_estimation/robust_estimator_lineKernel_test.cpp
Linker/,0.02,21741568,Linker/
robust_estimator_MaxConsensus_test.cpp,17.22,1169391616,openMVG/robust_estimation/robust_estimator_MaxConsensus_test.cpp
Linker/,0.02,21741568,Linker/
array_utils.cc,0.44,162660352,third_party/ceres-solver/internal/ceres/array_utils.cc
blas.cc,0.60,188874752,third_party/ceres-solver/internal/ceres/blas.cc
show_exif_gps_position_demo.cpp,3.77,538705920,openMVG_Samples/geodesy_show_exif_gps_position/show_exif_gps_position_demo.cpp
Linker/,0.02,21692416,Linker/
block_evaluate_preparer.cc,2.03,397459456,third_party/ceres-solver/internal/ceres/block_evaluate_preparer.cc
features_test.cpp,4.03,552173568,openMVG/features/features_test.cpp
Linker/,0.02,21741568,Linker/
unitTest.cpp,8.26,483065856,dependencies/osi_clp/Clp/src/unitTest.cpp
image_io.cpp,3.95,478478336,openMVG/image/image_io.cpp
block_random_access_dense_matrix.cc,1.80,366264320,third_party/ceres-solver/internal/ceres/block_random_access_dense_matrix.cc
svg_matches.cpp,3.57,597442560,openMVG/matching/svg_matches.cpp
block_jacobian_writer.cc,3.03,474218496,third_party/ceres-solver/internal/ceres/block_jacobian_writer.cc
block_jacobi_preconditioner.cc,3.45,472317952,third_party/ceres-solver/internal/ceres/block_jacobi_preconditioner.cc
mser_test.cpp,4.40,615874560,openMVG/features/mser/mser_test.cpp
Linker/,0.02,21757952,Linker/
block_random_access_matrix.cc,0.18,109150208,third_party/ceres-solver/internal/ceres/block_random_access_matrix.cc
tbmr_test.cpp,3.95,605454336,openMVG/features/tbmr/tbmr_test.cpp
Linker/,0.02,21757952,Linker/
image_resampling_test.cpp,4.98,592756736,openMVG/image/image_resampling_test.cpp
Linker/,0.03,21741568,Linker/
block_random_access_sparse_matrix.cc,2.88,427802624,third_party/ceres-solver/internal/ceres/block_random_access_sparse_matrix.cc
block_random_access_diagonal_matrix.cc,7.05,614793216,third_party/ceres-solver/internal/ceres/block_random_access_diagonal_matrix.cc
block_sparse_matrix.cc,3.46,453787648,third_party/ceres-solver/internal/ceres/block_sparse_matrix.cc
block_structure.cc,0.28,138723328,third_party/ceres-solver/internal/ceres/block_structure.cc
image_filtering_test.cpp,8.10,749797376,openMVG/image/image_filtering_test.cpp
Linker/,0.02,21823488,Linker/
c_api.cc,1.03,233046016,third_party/ceres-solver/internal/ceres/c_api.cc
canonical_views_clustering.cc,0.14,92438528,third_party/ceres-solver/internal/ceres/canonical_views_clustering.cc
image_drawing_test.cpp,3.92,566509568,openMVG/image/image_drawing_test.cpp
Linker/,0.02,21741568,Linker/
image_io_test.cpp,5.51,617594880,openMVG/image/image_io_test.cpp
Linker/,0.02,21823488,Linker/
callbacks.cc,1.06,234356736,third_party/ceres-solver/internal/ceres/callbacks.cc
sift_test.cpp,13.44,1013628928,openMVG/features/sift/sift_test.cpp
Linker/,0.02,21757952,Linker/
cgnr_solver.cc,3.20,459948032,third_party/ceres-solver/internal/ceres/cgnr_solver.cc
image_test.cpp,3.84,549863424,openMVG/image/image_test.cpp
Linker/,0.02,21823488,Linker/
compressed_col_sparse_matrix_utils.cc,1.17,236339200,third_party/ceres-solver/internal/ceres/compressed_col_sparse_matrix_utils.cc
linearProgrammingOSI_X.cpp,3.52,564346880,openMVG/linearProgramming/linearProgrammingOSI_X.cpp
compressed_row_jacobian_writer.cc,2.99,465944576,third_party/ceres-solver/internal/ceres/compressed_row_jacobian_writer.cc
conditioned_cost_function.cc,2.30,394182656,third_party/ceres-solver/internal/ceres/conditioned_cost_function.cc
compressed_row_sparse_matrix.cc,4.03,437043200,third_party/ceres-solver/internal/ceres/compressed_row_sparse_matrix.cc
main_pano_converter.cpp,6.03,695058432,openMVG_Samples/image_spherical_to_pinholes/main_pano_converter.cpp
Linker/,0.02,21741568,Linker/
linearProgramming_test.cpp,3.78,547291136,openMVG/linearProgramming/linearProgramming_test.cpp
Linker/,0.12,72269824,Linker/
global_translations_fromTij.cpp,3.66,547586048,openMVG/linearProgramming/lInfinityCV/global_translations_fromTij.cpp
conjugate_gradients_solver.cc,4.06,494993408,third_party/ceres-solver/internal/ceres/conjugate_gradients_solver.cc
regions_matcher.cpp,31.32,1368457216,openMVG/matching/regions_matcher.cpp
resection.cpp,4.22,591659008,openMVG/linearProgramming/lInfinityCV/resection.cpp
coordinate_descent_minimizer.cc,4.34,551321600,third_party/ceres-solver/internal/ceres/coordinate_descent_minimizer.cc
resection_kernel.cpp,4.02,586629120,openMVG/linearProgramming/lInfinityCV/resection_kernel.cpp
features_affine_demo.cpp,15.53,1244774400,openMVG_Samples/features_affine_demo/features_affine_demo.cpp
Linker/,0.03,23576576,Linker/
tijsAndXis_From_xi_Ri.cpp,3.66,543457280,openMVG/linearProgramming/lInfinityCV/tijsAndXis_From_xi_Ri.cpp
corrector.cc,2.22,385040384,third_party/ceres-solver/internal/ceres/corrector.cc
covariance.cc,0.85,230195200,third_party/ceres-solver/internal/ceres/covariance.cc
global_quantile_gain_offset_alignment_test.cpp,5.72,650608640,openMVG/color_harmonization/global_quantile_gain_offset_alignment_test.cpp
Linker/,0.13,76005376,Linker/
tijsAndXis_From_xi_Ri_noise.cpp,3.83,550551552,openMVG/linearProgramming/lInfinityCV/tijsAndXis_From_xi_Ri_noise.cpp
cxsparse.cc,1.63,351879168,third_party/ceres-solver/internal/ceres/cxsparse.cc
triplet_tijsAndXis_kernel.cpp,3.62,559906816,openMVG/linearProgramming/lInfinityCV/triplet_tijsAndXis_kernel.cpp
metric_test.cpp,3.12,509280256,openMVG/matching/metric_test.cpp
Linker/,0.02,21823488,Linker/
half_space_intersection_test.cpp,16.58,1447821312,openMVG/geometry/half_space_intersection_test.cpp
Linker/,0.12,74039296,Linker/
dense_normal_cholesky_solver.cc,8.53,699957248,third_party/ceres-solver/internal/ceres/dense_normal_cholesky_solver.cc
indMatch_test.cpp,5.30,690634752,openMVG/matching/indMatch_test.cpp
Linker/,0.02,21790720,Linker/
matching_filters_test.cpp,3.44,592248832,openMVG/matching/matching_filters_test.cpp
Linker/,0.02,21741568,Linker/
siftmatch.cpp,20.61,1576976384,openMVG_Samples/features_siftPutativeMatches/siftmatch.cpp
Linker/,0.07,46710784,Linker/
detect_structure.cc,1.98,379076608,third_party/ceres-solver/internal/ceres/detect_structure.cc
dense_sparse_matrix.cc,4.87,504283136,third_party/ceres-solver/internal/ceres/dense_sparse_matrix.cc
dynamic_compressed_row_jacobian_writer.cc,2.08,431882240,third_party/ceres-solver/internal/ceres/dynamic_compressed_row_jacobian_writer.cc
dense_qr_solver.cc,14.74,1042432000,third_party/ceres-solver/internal/ceres/dense_qr_solver.cc
covariance_impl.cc,24.46,1325203456,third_party/ceres-solver/internal/ceres/covariance_impl.cc
file.cc,0.99,232751104,third_party/ceres-solver/internal/ceres/file.cc
dynamic_compressed_row_sparse_matrix.cc,2.36,393445376,third_party/ceres-solver/internal/ceres/dynamic_compressed_row_sparse_matrix.cc
describe_and_match.cpp,26.18,1737015296,openMVG_Samples/features_image_matching/describe_and_match.cpp
Linker/,0.06,46743552,Linker/
gradient_problem.cc,1.01,236290048,third_party/ceres-solver/internal/ceres/gradient_problem.cc
evaluator.cc,4.88,515964928,third_party/ceres-solver/internal/ceres/evaluator.cc
gradient_checking_cost_function.cc,3.23,507019264,third_party/ceres-solver/internal/ceres/gradient_checking_cost_function.cc
is_close.cc,0.21,122847232,third_party/ceres-solver/internal/ceres/is_close.cc
gradient_problem_solver.cc,3.58,440221696,third_party/ceres-solver/internal/ceres/gradient_problem_solver.cc
gradient_checker.cc,5.80,585302016,third_party/ceres-solver/internal/ceres/gradient_checker.cc
iterative_schur_complement_solver.cc,3.37,482017280,third_party/ceres-solver/internal/ceres/iterative_schur_complement_solver.cc
lapack.cc,2.13,398032896,third_party/ceres-solver/internal/ceres/lapack.cc
levenberg_marquardt_strategy.cc,2.61,432750592,third_party/ceres-solver/internal/ceres/levenberg_marquardt_strategy.cc
matching_test.cpp,15.30,999243776,openMVG/matching/matching_test.cpp
Linker/,0.03,22478848,Linker/
implicit_schur_complement.cc,6.97,637763584,third_party/ceres-solver/internal/ceres/implicit_schur_complement.cc
line_search.cc,3.16,438108160,third_party/ceres-solver/internal/ceres/line_search.cc
linear_operator.cc,0.27,123682816,third_party/ceres-solver/internal/ceres/linear_operator.cc
line_search_preprocessor.cc,2.40,447758336,third_party/ceres-solver/internal/ceres/line_search_preprocessor.cc
line_search_minimizer.cc,4.25,515162112,third_party/ceres-solver/internal/ceres/line_search_minimizer.cc
linear_least_squares_problems.cc,3.00,429228032,third_party/ceres-solver/internal/ceres/linear_least_squares_problems.cc
loss_function.cc,1.06,237289472,third_party/ceres-solver/internal/ceres/loss_function.cc
linear_solver.cc,2.82,432848896,third_party/ceres-solver/internal/ceres/linear_solver.cc
line_search_direction.cc,5.57,591675392,third_party/ceres-solver/internal/ceres/line_search_direction.cc
dogleg_strategy.cc,19.90,1300824064,third_party/ceres-solver/internal/ceres/dogleg_strategy.cc
minimizer.cc,2.22,414351360,third_party/ceres-solver/internal/ceres/minimizer.cc
low_rank_inverse_hessian.cc,3.19,436879360,third_party/ceres-solver/internal/ceres/low_rank_inverse_hessian.cc
partitioned_matrix_view.cc,1.85,374571008,third_party/ceres-solver/internal/ceres/partitioned_matrix_view.cc
normal_prior.cc,3.13,429981696,third_party/ceres-solver/internal/ceres/normal_prior.cc
problem.cc,0.80,226017280,third_party/ceres-solver/internal/ceres/problem.cc
preconditioner.cc,1.90,373751808,third_party/ceres-solver/internal/ceres/preconditioner.cc
parameter_block_ordering.cc,4.59,527384576,third_party/ceres-solver/internal/ceres/parameter_block_ordering.cc
local_parameterization.cc,7.13,645595136,third_party/ceres-solver/internal/ceres/local_parameterization.cc
preprocessor.cc,2.44,450592768,third_party/ceres-solver/internal/ceres/preprocessor.cc
residual_block_utils.cc,2.27,430194688,third_party/ceres-solver/internal/ceres/residual_block_utils.cc
program.cc,3.22,474202112,third_party/ceres-solver/internal/ceres/program.cc
reorder_program.cc,3.34,508985344,third_party/ceres-solver/internal/ceres/reorder_program.cc
residual_block.cc,2.89,477282304,third_party/ceres-solver/internal/ceres/residual_block.cc
problem_impl.cc,4.98,526532608,third_party/ceres-solver/internal/ceres/problem_impl.cc
single_linkage_clustering.cc,0.16,92831744,third_party/ceres-solver/internal/ceres/single_linkage_clustering.cc
schur_eliminator.cc,2.36,421117952,third_party/ceres-solver/internal/ceres/schur_eliminator.cc
scratch_evaluate_preparer.cc,2.00,397524992,third_party/ceres-solver/internal/ceres/scratch_evaluate_preparer.cc
schur_jacobi_preconditioner.cc,2.51,431554560,third_party/ceres-solver/internal/ceres/schur_jacobi_preconditioner.cc
solver_utils.cc,1.50,320356352,third_party/ceres-solver/internal/ceres/solver_utils.cc
sparse_matrix.cc,1.46,306282496,third_party/ceres-solver/internal/ceres/sparse_matrix.cc
stringprintf.cc,0.34,148193280,third_party/ceres-solver/internal/ceres/stringprintf.cc
split.cc,0.52,164249600,third_party/ceres-solver/internal/ceres/split.cc
suitesparse.cc,0.16,92471296,third_party/ceres-solver/internal/ceres/suitesparse.cc
sparse_normal_cholesky_solver.cc,3.05,443351040,third_party/ceres-solver/internal/ceres/sparse_normal_cholesky_solver.cc
solver.cc,5.50,604094464,third_party/ceres-solver/internal/ceres/solver.cc
triplet_sparse_matrix.cc,2.47,396722176,third_party/ceres-solver/internal/ceres/triplet_sparse_matrix.cc
trust_region_step_evaluator.cc,0.62,194314240,third_party/ceres-solver/internal/ceres/trust_region_step_evaluator.cc
trust_region_preprocessor.cc,3.62,530743296,third_party/ceres-solver/internal/ceres/trust_region_preprocessor.cc
visibility.cc,0.17,92717056,third_party/ceres-solver/internal/ceres/visibility.cc
types.cc,0.79,205176832,third_party/ceres-solver/internal/ceres/types.cc
visibility_based_preconditioner.cc,0.17,93405184,third_party/ceres-solver/internal/ceres/visibility_based_preconditioner.cc
schur_complement_solver.cc,9.25,738820096,third_party/ceres-solver/internal/ceres/schur_complement_solver.cc
trust_region_strategy.cc,2.17,417579008,third_party/ceres-solver/internal/ceres/trust_region_strategy.cc
wall_time.cc,0.67,197787648,third_party/ceres-solver/internal/ceres/wall_time.cc
trust_region_minimizer.cc,4.54,529743872,third_party/ceres-solver/internal/ceres/trust_region_minimizer.cc
polynomial.cc,17.21,1149386752,third_party/ceres-solver/internal/ceres/polynomial.cc
partitioned_matrix_view_2_2_2.cc,3.38,499204096,third_party/ceres-solver/internal/ceres/generated/partitioned_matrix_view_2_2_2.cc
partitioned_matrix_view_2_2_3.cc,3.79,536526848,third_party/ceres-solver/internal/ceres/generated/partitioned_matrix_view_2_2_3.cc
partitioned_matrix_view_2_2_d.cc,3.73,530661376,third_party/ceres-solver/internal/ceres/generated/partitioned_matrix_view_2_2_d.cc
partitioned_matrix_view_2_2_4.cc,3.83,534446080,third_party/ceres-solver/internal/ceres/generated/partitioned_matrix_view_2_2_4.cc
partitioned_matrix_view_2_3_3.cc,3.44,500678656,third_party/ceres-solver/internal/ceres/generated/partitioned_matrix_view_2_3_3.cc
partitioned_matrix_view_2_3_4.cc,3.91,536870912,third_party/ceres-solver/internal/ceres/generated/partitioned_matrix_view_2_3_4.cc
partitioned_matrix_view_2_3_6.cc,3.92,542556160,third_party/ceres-solver/internal/ceres/generated/partitioned_matrix_view_2_3_6.cc
partitioned_matrix_view_2_3_d.cc,3.70,532348928,third_party/ceres-solver/internal/ceres/generated/partitioned_matrix_view_2_3_d.cc
partitioned_matrix_view_2_4_3.cc,3.81,541327360,third_party/ceres-solver/internal/ceres/generated/partitioned_matrix_view_2_4_3.cc
partitioned_matrix_view_2_3_9.cc,4.41,557875200,third_party/ceres-solver/internal/ceres/generated/partitioned_matrix_view_2_3_9.cc
partitioned_matrix_view_2_4_4.cc,3.52,500350976,third_party/ceres-solver/internal/ceres/generated/partitioned_matrix_view_2_4_4.cc
partitioned_matrix_view_2_4_8.cc,4.23,550944768,third_party/ceres-solver/internal/ceres/generated/partitioned_matrix_view_2_4_8.cc
partitioned_matrix_view_2_d_d.cc,3.33,487505920,third_party/ceres-solver/internal/ceres/generated/partitioned_matrix_view_2_d_d.cc
partitioned_matrix_view_2_4_d.cc,3.74,530644992,third_party/ceres-solver/internal/ceres/generated/partitioned_matrix_view_2_4_d.cc
partitioned_matrix_view_2_4_9.cc,4.51,555483136,third_party/ceres-solver/internal/ceres/generated/partitioned_matrix_view_2_4_9.cc
partitioned_matrix_view_4_4_2.cc,3.80,537886720,third_party/ceres-solver/internal/ceres/generated/partitioned_matrix_view_4_4_2.cc
partitioned_matrix_view_4_4_3.cc,3.89,535265280,third_party/ceres-solver/internal/ceres/generated/partitioned_matrix_view_4_4_3.cc
partitioned_matrix_view_4_4_4.cc,3.41,500662272,third_party/ceres-solver/internal/ceres/generated/partitioned_matrix_view_4_4_4.cc
partitioned_matrix_view_d_d_d.cc,3.15,459685888,third_party/ceres-solver/internal/ceres/generated/partitioned_matrix_view_d_d_d.cc
partitioned_matrix_view_4_4_d.cc,3.82,532512768,third_party/ceres-solver/internal/ceres/generated/partitioned_matrix_view_4_4_d.cc
schur_eliminator_2_2_2.cc,10.42,957841408,third_party/ceres-solver/internal/ceres/generated/schur_eliminator_2_2_2.cc
schur_eliminator_2_2_3.cc,11.51,1050624000,third_party/ceres-solver/internal/ceres/generated/schur_eliminator_2_2_3.cc
schur_eliminator_2_2_4.cc,11.48,1035632640,third_party/ceres-solver/internal/ceres/generated/schur_eliminator_2_2_4.cc
schur_eliminator_2_2_d.cc,11.33,1027014656,third_party/ceres-solver/internal/ceres/generated/schur_eliminator_2_2_d.cc
schur_eliminator_2_3_3.cc,11.47,1049100288,third_party/ceres-solver/internal/ceres/generated/schur_eliminator_2_3_3.cc
schur_eliminator_2_3_4.cc,12.51,1108672512,third_party/ceres-solver/internal/ceres/generated/schur_eliminator_2_3_4.cc
schur_eliminator_2_3_6.cc,12.55,1098448896,third_party/ceres-solver/internal/ceres/generated/schur_eliminator_2_3_6.cc
schur_eliminator_2_3_d.cc,11.96,1086914560,third_party/ceres-solver/internal/ceres/generated/schur_eliminator_2_3_d.cc
schur_eliminator_2_3_9.cc,12.60,1109377024,third_party/ceres-solver/internal/ceres/generated/schur_eliminator_2_3_9.cc
schur_eliminator_2_4_4.cc,11.88,1054244864,third_party/ceres-solver/internal/ceres/generated/schur_eliminator_2_4_4.cc
schur_eliminator_2_4_3.cc,12.96,1144160256,third_party/ceres-solver/internal/ceres/generated/schur_eliminator_2_4_3.cc
schur_eliminator_2_4_8.cc,12.90,1121992704,third_party/ceres-solver/internal/ceres/generated/schur_eliminator_2_4_8.cc
schur_eliminator_2_d_d.cc,11.68,892796928,third_party/ceres-solver/internal/ceres/generated/schur_eliminator_2_d_d.cc
schur_eliminator_2_4_9.cc,13.11,1143324672,third_party/ceres-solver/internal/ceres/generated/schur_eliminator_2_4_9.cc
schur_eliminator_2_4_d.cc,12.61,1121206272,third_party/ceres-solver/internal/ceres/generated/schur_eliminator_2_4_d.cc
logging.cc,0.62,193560576,third_party/ceres-solver/internal/ceres/miniglog/glog/logging.cc
schur_eliminator_4_4_2.cc,12.25,1089912832,third_party/ceres-solver/internal/ceres/generated/schur_eliminator_4_4_2.cc
schur_eliminator_4_4_3.cc,12.27,1100267520,third_party/ceres-solver/internal/ceres/generated/schur_eliminator_4_4_3.cc
schur_eliminator_4_4_4.cc,10.89,1015070720,third_party/ceres-solver/internal/ceres/generated/schur_eliminator_4_4_4.cc
schur_eliminator_d_d_d.cc,8.60,849805312,third_party/ceres-solver/internal/ceres/generated/schur_eliminator_d_d_d.cc
schur_eliminator_4_4_d.cc,8.96,1083031552,third_party/ceres-solver/internal/ceres/generated/schur_eliminator_4_4_d.cc
helloworld_analytic_diff.cc,2.20,415416320,third_party/ceres-solver/examples/helloworld_analytic_diff.cc
Linker/,0.12,79560704,Linker/
rosenbrock.cc,2.10,409894912,third_party/ceres-solver/examples/rosenbrock.cc
Linker/,0.13,80773120,Linker/
helloworld_numeric_diff.cc,3.23,505692160,third_party/ceres-solver/examples/helloworld_numeric_diff.cc
robust_curve_fitting.cc,3.37,499695616,third_party/ceres-solver/examples/robust_curve_fitting.cc
Linker/,0.11,79396864,Linker/
Linker/,0.13,79544320,Linker/
simple_bundle_adjuster.cc,3.97,538460160,third_party/ceres-solver/examples/simple_bundle_adjuster.cc
Linker/,0.09,77774848,Linker/
ellipse_approximation.cc,4.99,591036416,third_party/ceres-solver/examples/ellipse_approximation.cc
Linker/,0.11,80445440,Linker/
helloworld.cc,3.14,472252416,third_party/ceres-solver/examples/helloworld.cc
curve_fitting.cc,3.40,505839616,third_party/ceres-solver/examples/curve_fitting.cc
Linker/,0.12,79577088,Linker/
Linker/,0.12,80183296,Linker/
sampled_function.cc,3.98,562380800,third_party/ceres-solver/examples/sampled_function/sampled_function.cc
Linker/,0.13,78168064,Linker/
conditioning.cpp,4.72,649789440,openMVG/multiview/conditioning.cpp
essential.cpp,6.54,779943936,openMVG/multiview/essential.cpp
solver_affine.cpp,7.23,705232896,openMVG/multiview/solver_affine.cpp
solver_essential_kernel.cpp,4.44,636633088,openMVG/multiview/solver_essential_kernel.cpp
projection.cpp,11.04,1046216704,openMVG/multiview/projection.cpp
solver_homography_kernel.cpp,3.73,591364096,openMVG/multiview/solver_homography_kernel.cpp
solver_essential_spherical.cpp,5.25,686718976,openMVG/multiview/solver_essential_spherical.cpp
rotation_averaging_l2.cpp,15.41,1189937152,openMVG/multiview/rotation_averaging_l2.cpp
solver_fundamental_kernel.cpp,6.54,785694720,openMVG/multiview/solver_fundamental_kernel.cpp
rotation_averaging_l1.cpp,16.37,1234518016,openMVG/multiview/rotation_averaging_l1.cpp
translation_averaging_common.cpp,2.78,492978176,openMVG/multiview/translation_averaging_common.cpp
translation_averaging_solver_l2_chordal.cpp,4.38,625999872,openMVG/multiview/translation_averaging_solver_l2_chordal.cpp
solver_resection_p3p.cpp,7.07,816283648,openMVG/multiview/solver_resection_p3p.cpp
translation_averaging_solver_softl1.cpp,5.22,689340416,openMVG/multiview/translation_averaging_solver_softl1.cpp
triangulation.cpp,3.77,597131264,openMVG/multiview/triangulation.cpp
solver_essential_five_point.cpp,20.00,1562673152,openMVG/multiview/solver_essential_five_point.cpp
triangulation_nview.cpp,4.10,712081408,openMVG/multiview/triangulation_nview.cpp
solver_resection_kernel.cpp,18.92,1740718080,openMVG/multiview/solver_resection_kernel.cpp
Camera_Pinhole_test.cpp,7.16,868237312,openMVG/cameras/Camera_Pinhole_test.cpp
Linker/,0.03,27901952,Linker/
Camera_Pinhole_Fisheye_test.cpp,7.94,884506624,openMVG/cameras/Camera_Pinhole_Fisheye_test.cpp
Linker/,0.03,26984448,Linker/
Camera_Pinhole_Brown_test.cpp,8.16,898416640,openMVG/cameras/Camera_Pinhole_Brown_test.cpp
Linker/,0.03,28344320,Linker/
Camera_Pinhole_Radial_test.cpp,8.52,898449408,openMVG/cameras/Camera_Pinhole_Radial_test.cpp
Camera_Spherical_test.cpp,8.53,903512064,openMVG/cameras/Camera_Spherical_test.cpp
Linker/,0.03,28590080,Linker/
Linker/,0.03,28573696,Linker/
Camera_Subset_Parametrization_test.cpp,10.15,937705472,openMVG/cameras/Camera_Subset_Parametrization_test.cpp
Linker/,0.03,28098560,Linker/
tijsAndXis_test.cpp,5.38,684834816,openMVG/linearProgramming/lInfinityCV/tijsAndXis_test.cpp
Linker/,0.16,84574208,Linker/
tijsAndXis_outlier_test.cpp,5.21,674185216,openMVG/linearProgramming/lInfinityCV/tijsAndXis_outlier_test.cpp
resection_robust_test.cpp,5.44,657752064,openMVG/linearProgramming/lInfinityCV/resection_robust_test.cpp
Linker/,0.14,83918848,Linker/
Linker/,0.13,84164608,Linker/
resection_test.cpp,4.42,616071168,openMVG/linearProgramming/lInfinityCV/resection_test.cpp
global_translations_fromTij_test.cpp,6.35,804601856,openMVG/linearProgramming/lInfinityCV/global_translations_fromTij_test.cpp
Linker/,0.13,86409216,Linker/
Linker/,0.13,84459520,Linker/
triangulation_test.cpp,5.27,681541632,openMVG/linearProgramming/lInfinityCV/triangulation_test.cpp
Linker/,0.16,83689472,Linker/
global_translations_fromTriplets_test.cpp,6.03,792002560,openMVG/linearProgramming/lInfinityCV/global_translations_fromTriplets_test.cpp
Linker/,0.14,85049344,Linker/
frustum_intersection_test.cpp,18.09,1513734144,openMVG/geometry/frustum_intersection_test.cpp
Linker/,0.14,83656704,Linker/
Camera_IO_test.cpp,26.27,1843036160,openMVG/cameras/Camera_IO_test.cpp
Linker/,0.04,37322752,Linker/
frustum_box_intersection_test.cpp,19.06,1536720896,openMVG/geometry/frustum_box_intersection_test.cpp
Linker/,0.13,84492288,Linker/
rotation_averaging_test.cpp,4.91,630177792,openMVG/multiview/rotation_averaging_test.cpp
Linker/,0.13,88997888,Linker/
solver_homography_kernel_test.cpp,4.52,636420096,openMVG/multiview/solver_homography_kernel_test.cpp
Linker/,0.04,28917760,Linker/
solver_resection_kernel_test.cpp,7.62,835141632,openMVG/multiview/solver_resection_kernel_test.cpp
Linker/,0.04,31621120,Linker/
solver_essential_five_point_test.cpp,5.96,735559680,openMVG/multiview/solver_essential_five_point_test.cpp
Linker/,0.03,29900800,Linker/
translation_averaging_test.cpp,6.61,831373312,openMVG/multiview/translation_averaging_test.cpp
Linker/,0.11,83968000,Linker/
solver_fundamental_kernel_test.cpp,4.32,592166912,openMVG/multiview/solver_fundamental_kernel_test.cpp
Linker/,0.03,30474240,Linker/
solver_affine_test.cpp,4.98,617431040,openMVG/multiview/solver_affine_test.cpp
Linker/,0.03,28065792,Linker/
triangulation_nview_test.cpp,4.71,652886016,openMVG/multiview/triangulation_nview_test.cpp
Linker/,0.03,29556736,Linker/
solver_essential_kernel_test.cpp,7.13,783106048,openMVG/multiview/solver_essential_kernel_test.cpp
Linker/,0.04,34947072,Linker/
solver_translation_knownRotation_kernel_test.cpp,4.73,633126912,openMVG/multiview/solver_translation_knownRotation_kernel_test.cpp
Linker/,0.04,30425088,Linker/
triangulation_test.cpp,3.48,551518208,openMVG/multiview/triangulation_test.cpp
Linker/,0.03,26951680,Linker/
GlobalSfM_rotation_averaging.cpp,10.04,990363648,openMVG/sfm/pipelines/global/GlobalSfM_rotation_averaging.cpp
Cascade_Hashing_Matcher_Regions.cpp,50.72,3426385920,openMVG/matching_image_collection/Cascade_Hashing_Matcher_Regions.cpp
Matcher_Regions.cpp,45.76,3221700608,openMVG/matching_image_collection/Matcher_Regions.cpp
Geometric_Filter_utils.cpp,46.50,3219292160,openMVG/matching_image_collection/Geometric_Filter_utils.cpp
undistoBrown.cpp,11.39,1046839296,openMVG_Samples/cameras_undisto_Brown/undistoBrown.cpp
Linker/,0.04,31817728,Linker/
robust_estimation_tutorial_homography.cpp,25.46,1863876608,openMVG_Samples/multiview_robust_estimation_tutorial/robust_estimation_tutorial_homography.cpp
Linker/,0.11,55083008,Linker/
sfm_robust_model_estimation.cpp,9.16,1058406400,openMVG/sfm/pipelines/sfm_robust_model_estimation.cpp
SfM_Localizer_Single_3DTrackObservation_Database.cpp,45.27,3253223424,openMVG/sfm/pipelines/localization/SfM_Localizer_Single_3DTrackObservation_Database.cpp
GlobalSfM_translation_averaging.cpp,56.67,3841687552,openMVG/sfm/pipelines/global/GlobalSfM_translation_averaging.cpp
sfm_global_engine_relative_motions.cpp,56.33,3758604288,openMVG/sfm/pipelines/global/sfm_global_engine_relative_motions.cpp
SfM_Localizer.cpp,52.98,3527311360,openMVG/sfm/pipelines/localization/SfM_Localizer.cpp
sequential_SfM.cpp,57.76,3572957184,openMVG/sfm/pipelines/sequential/sequential_SfM.cpp
robust_fundamental.cpp,23.18,1793376256,openMVG_Samples/multiview_robust_fundamental/robust_fundamental.cpp
Linker/,0.10,56868864,Linker/
robust_homography.cpp,24.61,1900658688,openMVG_Samples/multiview_robust_homography/robust_homography.cpp
Linker/,0.09,56475648,Linker/
robust_homography_guided.cpp,25.96,2006679552,openMVG_Samples/multiview_robust_homography_guided/robust_homography_guided.cpp
Linker/,0.09,56098816,Linker/
structure_estimator.cpp,50.63,3493314560,openMVG/sfm/pipelines/structure_from_known_poses/structure_estimator.cpp
robust_fundamental_guided.cpp,24.82,1937096704,openMVG_Samples/multiview_robust_fundamental_guided/robust_fundamental_guided.cpp
Linker/,0.09,56672256,Linker/
sfm_data_filters.cpp,45.77,3187212288,openMVG/sfm/sfm_data_filters.cpp
sfm_data_io.cpp,44.43,3180511232,openMVG/sfm/sfm_data_io.cpp
main_repeatability_dataset.cpp,37.64,2500067328,openMVG_Samples/features_repeatability/main_repeatability_dataset.cpp
Linker/,0.11,59392000,Linker/
sfm_data_filters_frustum.cpp,61.58,4071276544,openMVG/sfm/sfm_data_filters_frustum.cpp
sfm_data_BA_ceres.cpp,81.59,4891262976,openMVG/sfm/sfm_data_BA_ceres.cpp
kvld_filter.cpp,21.35,1645051904,openMVG_Samples/features_kvld_filter/kvld_filter.cpp
Linker/,0.10,54149120,Linker/
sfm_data_transform.cpp,38.09,3183706112,openMVG/sfm/sfm_data_transform.cpp
sfm_data_io_cereal.cpp,63.58,4555194368,openMVG/sfm/sfm_data_io_cereal.cpp
sfm_data_triangulation.cpp,36.04,3213721600,openMVG/sfm/sfm_data_triangulation.cpp
sfm_data_utils.cpp,33.30,3179544576,openMVG/sfm/sfm_data_utils.cpp
sfm_data_utils_test.cpp,54.00,3818438656,openMVG/sfm/sfm_data_utils_test.cpp
sfm_data_filters_test.cpp,54.08,3811377152,openMVG/sfm/sfm_data_filters_test.cpp
Linker/,0.10,87261184,Linker/
Linker/,0.10,87883776,Linker/
sfm_data_io_test.cpp,54.95,3828858880,openMVG/sfm/sfm_data_io_test.cpp
Linker/,0.13,103301120,Linker/
sfm_data_BA_test.cpp,56.29,3972726784,openMVG/sfm/sfm_data_BA_test.cpp
Linker/,0.24,158466048,Linker/
global_SfM_test.cpp,57.88,3917316096,openMVG/sfm/pipelines/global/global_SfM_test.cpp
sequential_SfM_test.cpp,58.24,3960979456,openMVG/sfm/pipelines/sequential/sequential_SfM_test.cpp
Linker/,0.45,281673728,Linker/
Linker/,0.32,215220224,Linker/
robust_essential.cpp,26.49,1974812672,openMVG_Samples/multiview_robust_essential/robust_essential.cpp
Linker/,0.13,89964544,Linker/
main_openMVG2MVE2.cpp,45.45,3255107584,software/SfM/main_openMVG2MVE2.cpp
Linker/,0.15,108871680,Linker/
main_openMVG2MVSTEXTURING.cpp,49.63,3213901824,software/SfM/main_openMVG2MVSTEXTURING.cpp
Linker/,0.14,102858752,Linker/
main_openMVG2CMPMVS.cpp,48.96,3273834496,software/SfM/main_openMVG2CMPMVS.cpp
Linker/,0.17,107577344,Linker/
robust_essential_ba.cpp,77.72,4951801856,openMVG_Samples/multiview_robust_essential_ba/robust_essential_ba.cpp
Linker/,0.35,216137728,Linker/
main_evalQuality.cpp,76.36,4485971968,software/SfM/main_evalQuality.cpp
Linker/,0.15,109576192,Linker/
robust_essential_spherical.cpp,90.65,6076006400,openMVG_Samples/multiview_robust_essential_spherical/robust_essential_spherical.cpp
Linker/,0.40,219774976,Linker/
main_openMVG2NVM.cpp,49.09,3271016448,software/SfM/main_openMVG2NVM.cpp
Linker/,0.17,108609536,Linker/
main_openMVG2openMVS.cpp,55.06,3317186560,software/SfM/main_openMVG2openMVS.cpp
Linker/,0.16,107479040,Linker/
main_openMVG2PMVS.cpp,49.29,3322183680,software/SfM/main_openMVG2PMVS.cpp
Linker/,0.16,106741760,Linker/
main_ExportUndistortedImages.cpp,52.17,3240460288,software/SfM/main_ExportUndistortedImages.cpp
Linker/,0.16,107184128,Linker/
main_FrustumFiltering.cpp,54.68,3894624256,software/SfM/main_FrustumFiltering.cpp
Linker/,0.26,169082880,Linker/
main_ComputeSfM_DataColor.cpp,52.80,3276259328,software/SfM/main_ComputeSfM_DataColor.cpp
Linker/,0.16,106643456,Linker/
main_exportKeypoints.cpp,73.76,4504436736,software/SfM/main_exportKeypoints.cpp
Linker/,0.17,120160256,Linker/
main_exportMatches.cpp,83.93,5431787520,software/SfM/main_exportMatches.cpp
Linker/,0.20,119259136,Linker/
main_ConvertList.cpp,60.23,4019929088,software/SfM/main_ConvertList.cpp
Linker/,0.16,107462656,Linker/
main_IncrementalSfM.cpp,76.83,4583211008,software/SfM/main_IncrementalSfM.cpp
main_ComputeStructureFromKnownPoses.cpp,81.90,5140004864,software/SfM/main_ComputeStructureFromKnownPoses.cpp
Linker/,0.36,227557376,Linker/
Linker/,0.47,284180480,Linker/
main_GlobalSfM.cpp,77.32,4531830784,software/SfM/main_GlobalSfM.cpp
Linker/,0.51,299008000,Linker/
main_ExportCameraFrustums.cpp,54.69,3897049088,software/SfM/main_ExportCameraFrustums.cpp
Linker/,0.29,168624128,Linker/
main_ConvertSfM_DataFormat.cpp,45.90,3169501184,software/SfM/main_ConvertSfM_DataFormat.cpp
Linker/,0.16,103874560,Linker/
main_ListMatchingPairs.cpp,47.47,3276521472,software/SfM/main_ListMatchingPairs.cpp
Linker/,0.16,104284160,Linker/
main_SfMInit_ImageListing.cpp,50.03,3322871808,software/SfM/main_SfMInit_ImageListing.cpp
Linker/,0.20,115408896,Linker/
main_ComputeFeatures.cpp,99.25,5933694976,software/SfM/main_ComputeFeatures.cpp
Linker/,0.21,132775936,Linker/
main_exportTracks.cpp,76.09,4780556288,software/SfM/main_exportTracks.cpp
Linker/,0.20,118472704,Linker/
main_ColHarmonize.cpp,4.30,639713280,software/colorHarmonize/main_ColHarmonize.cpp
main_openMVG2MESHLAB.cpp,51.69,3240886272,software/SfM/main_openMVG2MESHLAB.cpp
Linker/,0.17,104529920,Linker/
registration_to_exif_gps_position.cpp,64.43,4333043712,software/Geodesy/registration_to_exif_gps_position.cpp
Linker/,0.16,117555200,Linker/
main_ComputeMatches.cpp,83.67,5659754496,software/SfM/main_ComputeMatches.cpp
Linker/,0.24,172654592,Linker/
main_SfM_Localization.cpp,79.88,5944623104,software/Localization/main_SfM_Localization.cpp
Linker/,0.31,245252096,Linker/
openMVG_main_openMVG2WebGL.cpp,53.82,4128243712,software/SfMWebGLViewer/openMVG_main_openMVG2WebGL.cpp
Linker/,0.11,108396544,Linker/
colorHarmonizeEngineGlobal.cpp,58.84,4590419968,software/colorHarmonize/colorHarmonizeEngineGlobal.cpp
Linker/,0.19,164691968,Linker/
